"Control","bias","bias_pp"
"Misspecified: omitted familial extrinsic",0.0764861973958207,7.64861973958207
"Check: pleiotropy only",0.0189246119543091,1.89246119543091
"Control: irrelevant trait",-0.00734423068241918,-0.734423068241918
"Control: vanishing extrinsic",-0.0090933999129259,-0.90933999129259
